{"cameraMode":{"drawMode":0,"name":"Shaded","section":"Shading Mode"},"sceneLighting":false,"audioPlay":false,"sceneViewState":{"showFog":true,"showMaterialUpdate":false,"showSkybox":true,"showFlares":true,"showImageEffects":true,"showParticleSystems":true},"in2DMode":false,"pivot":{"x":164.21875,"y":0.8254092335700989,"z":139.33212280273438},"rotation":{"x":0.25214630365371706,"y":0.6392902135848999,"z":-0.23425571620464326,"w":0.6878206729888916},"size":52.74281311035156,"orthographic":false}