{"cameraMode":{"drawMode":0,"name":"Shaded","section":"Shading Mode"},"sceneLighting":false,"audioPlay":false,"sceneViewState":{"showFog":true,"showMaterialUpdate":false,"showSkybox":true,"showFlares":true,"showImageEffects":true,"showParticleSystems":true},"in2DMode":false,"pivot":{"x":34.657196044921878,"y":-31.895708084106447,"z":119.55528259277344},"rotation":{"x":0.12928558886051179,"y":0.13380534946918488,"z":-0.017490830272436143,"w":0.9825789332389832},"size":129.9897003173828,"orthographic":false}